<?xml version="1.0" encoding="UTF-8"?>
<beans xmlns="http://www.springframework.org/schema/beans"
       xmlns:xsi="http://www.w3.org/2001/XMLSchema-instance"
       xmlns:context="http://www.springframework.org/schema/context"
       xsi:schemaLocation="http://www.springframework.org/schema/beans
        http://www.springframework.org/schema/beans/spring-beans.xsd
          http://www.springframework.org/schema/context
        http://www.springframework.org/schema/context/spring-context.xsd">
    <!--1.关联数据库配置文件-->
    <context:property-placeholder location="classpath:database.properties"/>
    <!--2.连接池   dbcp 半自动化不能自动连接
    c3p0  自动加载配置文件 并且可以自动配置对象中
      druid hikari-->
<bean id="dataSource" class="com.mchange.v2.c3p0.ComboPooledDataSource">
    <property name="driverClass" value="${jdbc.driver}"/>
      <property name="jdbcUrl" value="${jdbc.url}"/>
      <property name="user" value="${jdbc.username}"/>
    <property name="password" value="${jdbc.password}"/>

    <!--c3p0连接池私有属性-->
<property name="maxPoolSize" value="30"/>
    <property name="minPoolSize" value="10"/>
   <!--关闭连接后不自动tomcate-->
    <property name="autoCommitOnClose" value="false"/>
    <!--获取连接超时时间-->
    <property name="checkoutTimeout" value="10000"/>
    <!--当获取连接失败重试次数-->
    <property name="acquireRetryAttempts" value="2"/>

</bean>
    <!--3sqlSessionFactory   手动创建daomapperimpl也可-->
<bean id="sqlSessionFactory" class="org.mybatis.spring.SqlSessionFactoryBean">
    <property name="dataSource" ref="dataSource"/>
    <!--绑定Mybatis的配置文件-->
    <property name="configLocation" value="classpath:mybatis-config.xml"/>
</bean>
    <!--配置dao接口扫描包 动态实现Dao接口可以注入到spring容器中！-->
<bean class="org.mybatis.spring.mapper.MapperScannerConfigurer">
    <!--注入  sqlSessionFactoryBeanName-->
    <property name="sqlSessionFactoryBeanName" value="sqlSessionFactory"/>
    <!--扫描的dao接口-->
    <property name="basePackage" value="com.cao.dao"/>
</bean>

</beans>